Problem,Correct Confidence
Basic Problem B-01,0.2
Basic Problem B-02,0.2
Basic Problem B-03,0.2033898305084746
Basic Problem B-04,0.1875
Basic Problem B-05,0.20689655172413793
Basic Problem B-06,0.22727272727272727
Basic Problem B-07,0.2
Basic Problem B-08,0.21739130434782608
Basic Problem B-09,0.21739130434782608
Basic Problem B-10,0.18518518518518517
Basic Problem B-11,[0.125, 0.125, 0.125, 0.125, 0.125, 0.125, 0.125, 0.125],Error,
Basic Problem B-12,0.18421052631578946
